<?xml version="1.0" encoding="UTF-8"?>
<!DOCTYPE mapper PUBLIC "-//mybatis.org//DTD Mapper 3.0//EN" "http://mybatis.org/dtd/mybatis-3-mapper.dtd">
<mapper namespace="boardMapper">

<resultMap type="BoardDTO" id="board">
	<id property="boardno" column="BOARD_No" />
	<result property="email" column="EMAIL"/>
	<result property="title" column="TITLE"/>
	<result property="favor" column="FAVOR"/>
	<result property="content" column="CONTENT"/>
	<result property="dDay" column="D_DAY"/>
	<result property="hits" column="HITS"/>
</resultMap>



<insert id="insert" parameterType="BoardDTO">
	insert into FREE_BOARD values (3,'noloo6974@naver.com',#{title},0,#{content},sysdate,0);
</insert>


</mapper>