<?xml version="1.0" encoding="UTF-8"?>
<!DOCTYPE mapper PUBLIC "-//mybatis.org//DTD Mapper 3.0//EN" "http://mybatis.org/dtd/mybatis-3-mapper.dtd">
<!-- 마이페이지 관련 xml -->
<mapper namespace="mypageMapper">

<!-- 회원 정보 DTO properties와 DB Column 값 일치화 작업 -->
<resultMap type="gochi.travel.model.mypagedto.MypageDTO" id="resultMypageDTO">
	<id column="EMAIL" property="email"/>
	<result column="PASSWORD" property="password"/>
	<result column="NICKNAME" property="nickName"/>
	<result column="PHONE_NUMBER" property="phoneNumber"/>
	<result column="PROFILE_IMG" property="profileImg"/>
	<result column="BACK_IMG" property="backImg"/>
	<result column="SELF_CONTENT" property="selfContent"/>
</resultMap>

<!-- 회원 정보 columns -->
<sql id="memberColumns">
	EMAIL,PASSWORD,NICKNAME,PHONE_NUMBER,PROFILE_IMG,BACK_IMG,SELF_CONTENT
</sql>

<!-- 회원의 정보 검색 -->
<select id="selectByEmail" parameterType="String" resultMap="resultMypageDTO">
	select <include refid="memberColumns"/>
	from MEMBER
	where EMAIL = #{_parameter}
</select>
</mapper>